feature	metadata	value	coef	stderr	N	N.not.0	pval	qval
T38	E1	CRC	-0.0380794878883089	0.00936822346823248	128	96	8.40765319723577e-05	0.010997589305441
T206	E1	CRC	0.0241271607870849	0.00609966714485307	128	85	0.000126700337620288	0.010997589305441
T233	E1	CRC	0.0131201823469142	0.00314766903513745	128	52	5.66249357071135e-05	0.010997589305441
T260	E1	CRC	0.00997729324163433	0.00248493493604921	128	42	0.000101389791628257	0.010997589305441
T287	E1	CRC	0.00912815428591005	0.00212893855232445	128	41	3.55874888896749e-05	0.010997589305441
T241	E1	CRC	0.0204279626851105	0.00523677483464467	128	61	0.000155086084384437	0.0110135783182078
T286	E1	CRC	0.0172230763436055	0.00445744716985291	128	51	0.000177638359971094	0.0110135783182078
T61	E1	CRC	-0.0584702745259193	0.0156398162606101	128	114	0.00027957754521924	0.0151670818281438
T1	E1	CRC	-0.0767077012583135	0.0224137420914425	128	128	0.000837768205076866	0.0403990445559289
T91	E1	CRC	0.0226388281910728	0.0067796202774434	128	91	0.00110520092854691	0.0442768828733742
T213	E1	CRC	0.00923712191331066	0.00277006801533473	128	80	0.00112222514195188	0.0442768828733742
T170	E1	CRC	0.0129055873596232	0.00390290295591731	128	107	0.00123038758632079	0.0444990177052687
T288	E1	CRC	0.00589835471210691	0.00180256800391248	128	72	0.00137715933400511	0.0459759346890936
T172	E1	CRC	0.00654599650366528	0.00203191828988372	128	99	0.00162250083790786	0.0471872258006759
T437	E1	CRC	0.017678310198371	0.00549018853503595	128	18	0.00163089490094502	0.0471872258006759
T163	E1	CRC	0.0138019745854561	0.00441479538489604	128	88	0.00219825433337826	0.0567129020674977
T252	E1	CRC	0.00670620133733615	0.00214738190037219	128	41	0.00222147312245959	0.0567129020674977
T26	E1	CRC	-0.0905745494929513	0.0309302576907262	128	107	0.00404536057609856	0.0975381383348208
T17	E1	CRC	0.0387246949609636	0.0134506809638168	128	128	0.0046884351477123	0.107093729163534
T158	E1	CRC	0.0199001971338577	0.00703756656187847	128	56	0.00545538796334369	0.116937986965038
T198	E1	CRC	-0.00178723056776422	0.000634840417045972	128	9	0.00565828969185667	0.116937986965038
T413	E1	CRC	0.0118303609587956	0.00428318212236832	128	15	0.00660378595372828	0.130274686541731
T165	E1	CRC	0.0080504887348814	0.00294206004650123	128	63	0.00711036466177074	0.134169489704717
T184	E1	CRC	0.013822218740049	0.00515763731119228	128	42	0.00834745637210531	0.150949836062238
T43	E1	CRC	-0.0149155707941203	0.00570268830362777	128	92	0.00999664063487827	0.16925467718116
T143	E1	CRC	0.00242750398573509	0.000934462312797507	128	37	0.0105008101015981	0.16925467718116
T166	E1	CRC	0.0142621948234455	0.00549457428210123	128	85	0.0105609137935179	0.16925467718116
T169	E1	CRC	0.00530732099029882	0.00205426638758695	128	42	0.0109196565923329	0.16925467718116
T13	E1	CRC	-0.0298587875953862	0.0118946607162823	128	94	0.0133307028491414	0.169810292945273
T16	E1	CRC	-0.0369133890522907	0.0146747433431029	128	26	0.0131462308253602	0.169810292945273
T97	E1	CRC	0.0754476577658511	0.0301200790336845	128	80	0.0135248965978311	0.169810292945273
T135	E1	CRC	0.00592191695167621	0.00236851752627891	128	81	0.0136943784633285	0.169810292945273
T190	E1	CRC	0.000783795586602237	0.00030980350553337	128	15	0.012639490587014	0.169810292945273
T192	E1	CRC	0.00578950369452019	0.00229008560317344	128	83	0.0127048189169491	0.169810292945273
T296	E1	CRC	0.00159423029873664	0.000636076909748397	128	19	0.0134721425334824	0.169810292945273
T71	E1	CRC	-0.00452330946212418	0.00182625343557001	128	96	0.0145812885496748	0.171985265206502
T402	E1	CRC	0.000945478442936804	0.000382050596350666	128	15	0.0146623382779736	0.171985265206502
T235	E1	CRC	-0.0149736118103709	0.00611059958541096	128	44	0.0156410014418023	0.178636700677426
T197	E1	CRC	0.00696387195295984	0.0029832180567566	128	61	0.0211596907178188	0.23433910080716
T230	E1	CRC	0.00427711084781301	0.00184626035072767	128	37	0.0221380256522893	0.23433910080716
T313	E1	CRC	0.00143992817197458	0.000619066229868915	128	12	0.0216177136257721	0.23433910080716
T151	E1	CRC	-0.00153741677448907	0.000666974189009308	128	37	0.0227984818234017	0.235584312175151
T175	E1	CRC	0.00155024925303032	0.000690329758472657	128	12	0.0264679538800414	0.255268710754177
T242	E1	CRC	0.00855459077063705	0.00380218038824668	128	16	0.0261890574313391	0.255268710754177
T457	E1	CRC	0.00636607170544643	0.00281812059204526	128	20	0.0256033573496535	0.255268710754177
T22	E1	CRC	-0.0316768497135978	0.014341032367292	128	92	0.028994725733801	0.26216064517645
T65	E1	CRC	0.00307333563327717	0.00138072508411429	128	69	0.0277996333676955	0.26216064517645
T204	E1	CRC	0.00158872538628382	0.000718592036433916	128	18	0.028848064066645	0.26216064517645
T70	E1	CRC	0.00173869463046679	0.000796742960322943	128	23	0.0309455169021665	0.274088863990618
T138	E1	CRC	0.00242161859494832	0.0011360438017777	128	34	0.0349793195119915	0.286659830356065
T139	E1	CRC	0.0101177412105835	0.00474722348092366	128	63	0.0350068456425609	0.286659830356065
T174	E1	CRC	0.0216932329346151	0.0101329519383584	128	121	0.0342112524605634	0.286659830356065
T182	E1	CRC	-0.00563920421814568	0.00263169036597207	128	39	0.0340512327463051	0.286659830356065
T19	E1	CRC	-0.0261672868752017	0.0123348878991183	128	69	0.0358465355477336	0.288099933846599
T108	E1	CRC	0.00280122861257253	0.0013443588041316	128	37	0.0392091815002145	0.309396086747147
T9	E1	CRC	0.0274217061784929	0.0132568073123761	128	104	0.0406383698840231	0.314947366601179
T210	E1	CRC	-0.0184311224142184	0.00903369015578191	128	17	0.043413626910831	0.329912869264503
T472	E1	CRC	0.00774868268455185	0.00381028837829629	128	9	0.0440897382888045	0.329912869264503
T255	E1	CRC	0.000970382025328143	0.000487414303380085	128	7	0.0486580148412479	0.357925058323756
T181	E1	CRC	-0.00438971396317976	0.00222890576580795	128	24	0.0510957669620714	0.363533817402279
T481	E1	CRC	-0.000528111625753567	0.000267334755228562	128	3	0.0504005443925116	0.363533817402279
T27	E1	CRC	-0.0220754709211577	0.0114146089947142	128	114	0.0553594317143881	0.383721081182339
T196	E1	CRC	-0.0155745579410018	0.00806461540641072	128	108	0.0557014472684041	0.383721081182339
T120	E1	CRC	0.0112962313926057	0.00594716716708883	128	76	0.0597937947086467	0.384445319641457
T141	E1	CRC	0.0166441654477041	0.00895355086337947	128	26	0.0653678139448711	0.384445319641457
T155	E1	CRC	0.035950698242159	0.0190478736581713	128	103	0.0614087756842423	0.384445319641457
T209	E1	CRC	-0.000777517775517267	0.000413132908683918	128	16	0.0621422279510339	0.384445319641457
T217	E1	CRC	0.00174669160853497	0.000910376161297068	128	21	0.0572908341082242	0.384445319641457
T226	E1	CRC	0.00186037452363193	0.000970907979334153	128	8	0.0576152180229811	0.384445319641457
T261	E1	CRC	0.0102885168722379	0.00552319234844088	128	20	0.0648213254307157	0.384445319641457
T292	E1	CRC	-0.000424397754779162	0.000224825500318038	128	5	0.0613694907845362	0.384445319641457
T390	E1	CRC	0.00174108322730727	0.000929431331471732	128	9	0.0633468744130036	0.384445319641457
T451	E1	CRC	0.000426441511387558	0.000229557452109753	128	5	0.065550584454995	0.384445319641457
T480	E1	CRC	0.00521097567194303	0.00274953788257167	128	5	0.0603544584091858	0.384445319641457
T82	E1	CRC	0.0259778315473517	0.0141928522597598	128	108	0.0695615200216666	0.384766776375178
T183	E1	CRC	0.00388212821150181	0.00211144605088049	128	36	0.0683272124506095	0.384766776375178
T189	E1	CRC	0.00487975155696686	0.00266727372132994	128	103	0.069690366341541	0.384766776375178
T343	E1	CRC	0.00503589247412187	0.00273578623799739	128	7	0.0680111029442813	0.384766776375178
T363	E1	CRC	0.000543632359677257	0.00029847636197085	128	11	0.0709247514055628	0.384766776375178
T417	E1	CRC	0.0127284867577325	0.00697482213207659	128	25	0.0703820088894289	0.384766776375178
T310	E1	CRC	0.00363410694064462	0.00200183275900711	128	22	0.0718421743926238	0.384932144276527
T63	E1	CRC	-0.00386654754371557	0.0021753297825494	128	55	0.0779061946052407	0.388635499524994
T98	E1	CRC	0.00813256008025916	0.00452472256927882	128	110	0.0746734150852547	0.388635499524994
T273	E1	CRC	0.00113227396514131	0.000629909937460289	128	11	0.074648497462614	0.388635499524994
T311	E1	CRC	0.00108905682520329	0.000609280648560299	128	5	0.0762692312230193	0.388635499524994
T364	E1	CRC	0.00533358364667713	0.00298638375651859	128	9	0.0765098000061781	0.388635499524994
T447	E1	CRC	-0.000774422636104867	0.000435643636371542	128	9	0.0778734556479493	0.388635499524994
T405	E1	CRC	0.001547238047097	0.000882147302635007	128	9	0.0818712913302749	0.403774323151583
T101	E1	CRC	0.0123122925413795	0.00704869564981638	128	117	0.083117906344832	0.405316532063563
T150	E1	CRC	0.0220730148008573	0.012753916512543	128	108	0.0859560640489149	0.409944305464056
T294	E1	CRC	0.00137805192118839	0.000794682461341053	128	6	0.0853477002578751	0.409944305464056
T73	E1	CRC	0.00156160569083397	0.000910854809221392	128	25	0.0889066700712416	0.415789666088206
T118	E1	CRC	0.0257174043038289	0.015009549972655	128	109	0.08909778559033	0.415789666088206
T153	E1	CRC	0.00469231864644438	0.00275251829668855	128	84	0.0907080689537838	0.418801084318534
T372	E1	CRC	-0.000323278264435289	0.00019054839060565	128	2	0.0922475430965786	0.421425617935949
T374	E1	CRC	-0.000456016739202101	0.000270443052198824	128	2	0.094235043479722	0.426020925731243
T36	E1	CRC	0.0278942344285213	0.0166233265728119	128	86	0.0958224004908231	0.428731152711518
T15	E1	CRC	0.0135113005273553	0.00810618951648352	128	114	0.0980404459687589	0.432534243058881
T54	E1	CRC	0.00212219905549717	0.00127562061905695	128	75	0.0986656453060582	0.432534243058881
T473	E1	CRC	-0.000848665725351859	0.000511854399871993	128	2	0.0998006820666825	0.433134960169402
T301	E1	CRC	0.00744312095103011	0.00454967331496231	128	22	0.104341823745356	0.448359915895885
T78	E1	CRC	-0.0182247621608444	0.0112504606201077	128	56	0.107751256214296	0.452028009312179
T88	E1	CRC	-0.0011916419010392	0.000733864078158488	128	39	0.10691958750808	0.452028009312179
T162	E1	CRC	-0.0121113062068233	0.00748871802723271	128	60	0.108320075964209	0.452028009312179
T115	E1	CRC	0.0158955989832298	0.00993055952864272	128	41	0.111953259016875	0.458984006125583
T283	E1	CRC	-0.00764289168166822	0.00477679426349672	128	37	0.112102084445419	0.458984006125583
T173	E1	CRC	0.000921106034053097	0.000580442739977882	128	10	0.115041145683315	0.462294974319987
T463	E1	CRC	0.00198819347828626	0.00125035472446573	128	5	0.114317472403767	0.462294974319987
T193	E1	CRC	0.000665602486808467	0.000423261540078604	128	7	0.118329405723188	0.467290296579009
T406	E1	CRC	0.00284951170673903	0.00181256356928403	128	4	0.118437632773482	0.467290296579009
T8	E1	CRC	-0.0161692992590366	0.0103774515068848	128	38	0.121713402172095	0.472275464566092
T397	E1	CRC	-0.00409721755231263	0.00263076166571926	128	9	0.121877539242862	0.472275464566092
T81	E1	CRC	-0.0200977425890609	0.0130275821688665	128	76	0.125409704636887	0.481662051437247
T446	E1	CRC	-0.000705991301893399	0.000459039452776316	128	10	0.12656218030418	0.481824440807142
T467	E1	CRC	0.00196229832231133	0.00128297548848662	128	4	0.128649683656963	0.485512719192364
T34	E1	CRC	0.00729830870265638	0.00484107730465401	128	62	0.134165420037364	0.49400963983392
T85	E1	CRC	0.00540561793128076	0.00357284566349345	128	43	0.132790859321054	0.49400963983392
T259	E1	CRC	0.00683386564462284	0.00453477435057811	128	33	0.134315985023969	0.49400963983392
T11	E1	CRC	-0.0157884250171247	0.0109743602751824	128	113	0.152724924471526	0.522762505016432
T23	E1	CRC	-0.0179267213863981	0.0128728310062178	128	35	0.166192965373137	0.522762505016432
T84	E1	CRC	0.016261791120675	0.0115066534393088	128	62	0.160047558544804	0.522762505016432
T124	E1	CRC	-0.000381884246718357	0.000268335912026985	128	2	0.157161850461522	0.522762505016432
T132	E1	CRC	0.00894655904232523	0.00624624534031993	128	118	0.154531353718135	0.522762505016432
T149	E1	CRC	0.00113664429588445	0.000785311144315521	128	48	0.150273775262418	0.522762505016432
T160	E1	CRC	-0.00604568744791662	0.00427834358423501	128	43	0.160094632629872	0.522762505016432
T185	E1	CRC	0.00497586263693935	0.0035795413079868	128	55	0.166954277790445	0.522762505016432
T222	E1	CRC	0.0014182477314138	0.00102432857077251	128	11	0.168633066134333	0.522762505016432
T223	E1	CRC	0.000657703054372845	0.000447363367217539	128	8	0.144006711329942	0.522762505016432
T237	E1	CRC	-0.000704453103396583	0.000502177158927059	128	30	0.16313634685286	0.522762505016432
T270	E1	CRC	0.000486272549644155	0.000343084321765686	128	3	0.158846991059347	0.522762505016432
T274	E1	CRC	0.000384652229889663	0.000275438044295049	128	3	0.165015891680625	0.522762505016432
T333	E1	CRC	0.00182229374189471	0.00124198822894145	128	5	0.14480266329857	0.522762505016432
T360	E1	CRC	-0.00320773999470742	0.00221791787572878	128	3	0.150580438408586	0.522762505016432
T366	E1	CRC	0.000560782600527315	0.000387969357475255	128	10	0.150819697799037	0.522762505016432
T373	E1	CRC	0.000627015235529985	0.000439028068469759	128	4	0.155711399731197	0.522762505016432
T407	E1	CRC	0.000346465251430729	0.000245655592620915	128	7	0.160894433726131	0.522762505016432
T418	E1	CRC	0.00285421348826918	0.00205649189695436	128	6	0.167615619701809	0.522762505016432
T461	E1	CRC	0.00287524980179668	0.00198702743722782	128	5	0.150377265303078	0.522762505016432
T478	E1	CRC	0.00163311966790767	0.00116048068216363	128	11	0.161806840468379	0.522762505016432
T479	E1	CRC	0.0299627582204367	0.0207706982732252	128	6	0.151628698605946	0.522762505016432
T79	E1	CRC	0.00125308113407117	0.000915682746491768	128	29	0.173601223935637	0.526873644671792
T134	E1	CRC	0.0034388424495988	0.00250362218841411	128	84	0.172021380392339	0.526873644671792
T470	E1	CRC	0.00745480482005293	0.00544719576347593	128	3	0.173572578997893	0.526873644671792
T148	E1	CRC	-0.0106488308091031	0.00786652169313573	128	72	0.178258612947401	0.537251652910916
T191	E1	CRC	0.00356205273446466	0.00265225385879783	128	39	0.181676919973502	0.542732131830583
T247	E1	CRC	-0.00106512952785184	0.000794728623379321	128	4	0.182578090431487	0.542732131830583
T224	E1	CRC	0.00166617992929353	0.00125280157638195	128	3	0.185932888970471	0.54894471981758
T94	E1	CRC	0.00299103977124791	0.00225872742514828	128	103	0.187828900520704	0.550795559635037
T32	E1	CRC	-0.0114847547026533	0.00873958751681801	128	19	0.191197501661618	0.556910843766054
T90	E1	CRC	-0.00261882551987825	0.00203304314437355	128	70	0.200060977592409	0.563211513827224
T200	E1	CRC	0.00253570348456254	0.0019698566381687	128	22	0.200365783707664	0.563211513827224
T278	E1	CRC	0.00798840589187752	0.00616164318487134	128	20	0.197181906651286	0.563211513827224
T355	E1	CRC	0.00169291065295441	0.00131733610433696	128	3	0.201114060201303	0.563211513827224
T411	E1	CRC	-0.000386234473555205	0.000297254074322281	128	3	0.19619928219013	0.563211513827224
T455	E1	CRC	0.000982365968085633	0.000764482933969743	128	16	0.201146969224009	0.563211513827224
T4	E1	CRC	-0.0276190948446109	0.0218695762958582	128	126	0.208957116021121	0.570537136451531
T25	E1	CRC	0.00478548953813025	0.00382152936172577	128	52	0.212800155643022	0.570537136451531
T74	E1	CRC	-0.0231531476944623	0.0190945604952215	128	82	0.227569756324539	0.570537136451531
T95	E1	CRC	0.000744192677013825	0.000601262502045801	128	9	0.218122549182636	0.570537136451531
T171	E1	CRC	-0.002682163395325	0.00225908466239288	128	37	0.237351158611904	0.570537136451531
T178	E1	CRC	0.00183802553646546	0.00145359226606066	128	74	0.208394904593369	0.570537136451531
T212	E1	CRC	0.000362778543714629	0.000288990681263558	128	6	0.211682278109858	0.570537136451531
T240	E1	CRC	-0.000220184805230976	0.000184789843542865	128	1	0.235680564827812	0.570537136451531
T280	E1	CRC	0.000243886044660368	0.000201954594542963	128	5	0.229452277483551	0.570537136451531
T284	E1	CRC	0.0017008656714252	0.00136136865760359	128	3	0.213842341454737	0.570537136451531
T285	E1	CRC	-0.00421909802046094	0.00355344523386777	128	13	0.237332615287552	0.570537136451531
T300	E1	CRC	-0.000331669836204157	0.000278353527055424	128	1	0.235680564827812	0.570537136451531
T306	E1	CRC	0.000677500431383547	0.000536245061523153	128	9	0.208772537852051	0.570537136451531
T321	E1	CRC	-0.00096674159574765	0.000811336767935408	128	1	0.235680564827812	0.570537136451531
T327	E1	CRC	0.00659653057650791	0.0054304962533753	128	21	0.226744553369074	0.570537136451531
T334	E1	CRC	-0.00018954636010881	0.000159076563852278	128	1	0.235680564827814	0.570537136451531
T342	E1	CRC	0.000353713827175927	0.00029679562946628	128	2	0.235589097324689	0.570537136451531
T347	E1	CRC	0.00487319724629927	0.00387640164289475	128	17	0.211026593529613	0.570537136451531
T371	E1	CRC	-0.000199494827288342	0.000167425803445212	128	1	0.235680564827813	0.570537136451531
T386	E1	CRC	-0.000130097906454949	0.00010918451776836	128	1	0.235680564827812	0.570537136451531
T441	E1	CRC	0.00107524153003491	0.000906784534988167	128	2	0.23794290713762	0.570537136451531
T442	E1	CRC	-0.000250521197626504	0.000210249625831401	128	1	0.235680564827813	0.570537136451531
T452	E1	CRC	-5.25918640464133e-05	4.41376611731658e-05	128	1	0.235680564827812	0.570537136451531
T458	E1	CRC	-0.000148953036407588	0.000125008663809107	128	1	0.235680564827813	0.570537136451531
T466	E1	CRC	-0.000257256673391955	0.000215902366090107	128	1	0.235680564827811	0.570537136451531
T475	E1	CRC	0.000284792288468709	0.000239835980230157	128	2	0.237285465298986	0.570537136451531
T309	E1	CRC	0.000197307373811776	0.000168407551875735	128	2	0.243565798728816	0.580810750814868
T7	E1	CRC	0.00270053586712267	0.00232278432695205	128	2	0.247177450029668	0.586202258540305
T194	E1	CRC	-0.0186776477456064	0.0161262471243422	128	27	0.248967262815692	0.587238000337012
T167	E1	CRC	0.00301278743788126	0.0026253071026233	128	18	0.253310382378914	0.594252464607831
T290	E1	CRC	-0.00625226071959382	0.00554915109935286	128	47	0.262008123450078	0.611352288050183
T111	E1	CRC	0.0183610657626453	0.0165635501922335	128	36	0.269747737266197	0.621282304967298
T159	E1	CRC	-0.00250859243673904	0.00227696913973553	128	58	0.272681593560489	0.621282304967298
T264	E1	CRC	0.000427531921524258	0.000388659011053631	128	3	0.273421475227544	0.621282304967298
T368	E1	CRC	0.000278166771901647	0.000252124566585971	128	6	0.27200351603287	0.621282304967298
T412	E1	CRC	0.00113629030251546	0.00102593041634545	128	3	0.270157199130297	0.621282304967298
T253	E1	CRC	0.00487673220560456	0.00450134409899533	128	42	0.280702111298241	0.621554675017534
T336	E1	CRC	-0.00030681931510287	0.00028091147043308	128	6	0.276816989814113	0.621554675017534
T346	E1	CRC	0.000955652408813424	0.000877759068395368	128	2	0.278346090657433	0.621554675017534
T349	E1	CRC	-0.000338779304716849	0.000312440197641997	128	3	0.280301637119877	0.621554675017534
T422	E1	CRC	-0.000274451618492522	0.00025091698660337	128	4	0.276131789110513	0.621554675017534
T187	E1	CRC	0.00135204812167667	0.00125508733332923	128	23	0.283424879433636	0.624397957737045
T60	E1	CRC	0.00124106961971785	0.00116676904479506	128	51	0.289507679041697	0.626975674465797
T92	E1	CRC	0.000502120043908479	0.000474335453263588	128	3	0.291818171064726	0.626975674465797
T239	E1	CRC	0.000442437355668737	0.000417711883532489	128	5	0.291538325777377	0.626975674465797
T415	E1	CRC	0.00682198449208425	0.00638960398605189	128	33	0.287711018510836	0.626975674465797
T445	E1	CRC	-0.000356374217475535	0.000334939969951671	128	4	0.289366112735073	0.626975674465797
T471	E1	CRC	0.000259176210838063	0.000245661426590377	128	2	0.293437766329324	0.627349707324761
T2	E1	CRC	-0.00872915469656402	0.00968343223538774	128	127	0.369067639143261	0.635518965203625
T6	E1	CRC	-0.0154121313580739	0.0178267525061548	128	115	0.388928387527213	0.635518965203625
T12	E1	CRC	-0.00701766434732479	0.00758118320245512	128	107	0.356387702983478	0.635518965203625
T21	E1	CRC	-0.00822661089977283	0.00899878051298288	128	128	0.36236220248783	0.635518965203625
T30	E1	CRC	-0.0107918317949006	0.012400233822187	128	125	0.385795525413108	0.635518965203625
T33	E1	CRC	0.000713720137523479	0.000850013039163268	128	1	0.402690588550677	0.635518965203625
T44	E1	CRC	0.00712356740304577	0.00829618741701136	128	39	0.392161112577393	0.635518965203625
T45	E1	CRC	0.00203830126441881	0.00241037926055404	128	7	0.399359367884187	0.635518965203625
T48	E1	CRC	-0.00157932485230799	0.0017913503784015	128	81	0.379650656003463	0.635518965203625
T56	E1	CRC	-0.0294840041079781	0.0322393310171857	128	124	0.362182481062487	0.635518965203625
T68	E1	CRC	-0.00111412393865433	0.00116082213726688	128	74	0.339008378331381	0.635518965203625
T75	E1	CRC	0.00022584234282945	0.000268969482725149	128	1	0.402690588550675	0.635518965203625
T83	E1	CRC	-0.00441805830549666	0.00459210087276899	128	55	0.337842324506555	0.635518965203625
T86	E1	CRC	-0.0276706525685894	0.0316046165487649	128	126	0.38295392915143	0.635518965203625
T93	E1	CRC	0.000134885174388952	0.000141954415211104	128	5	0.3438293715278	0.635518965203625
T103	E1	CRC	0.00148716529766236	0.00150573422490035	128	56	0.325208180091522	0.635518965203625
T114	E1	CRC	-0.0105385050846628	0.0122237702955783	128	97	0.390252671488241	0.635518965203625
T116	E1	CRC	-0.00392357022628007	0.00385285605313471	128	67	0.310461283122173	0.635518965203625
T123	E1	CRC	0.000419746927593088	0.000499902332643804	128	1	0.402690588550676	0.635518965203625
T125	E1	CRC	0.00131217936267269	0.00145429629046214	128	20	0.368630869495121	0.635518965203625
T137	E1	CRC	-0.00151345871406705	0.00162959253395839	128	17	0.354802507230966	0.635518965203625
T144	E1	CRC	0.000187008853266811	0.000222720300799318	128	1	0.402690588550676	0.635518965203625
T156	E1	CRC	0.000430134033909881	0.000512272973941785	128	1	0.402690588550676	0.635518965203625
T161	E1	CRC	0.00638975846742928	0.00662636195956456	128	20	0.336745826202039	0.635518965203625
T186	E1	CRC	0.00335948789479101	0.00344634717640615	128	23	0.331528867427355	0.635518965203625
T188	E1	CRC	0.00133910237361644	0.00152094409399286	128	39	0.380296404487173	0.635518965203625
T205	E1	CRC	-0.000608120445586616	0.000619760459466143	128	15	0.328365298416572	0.635518965203625
T211	E1	CRC	6.11543753684422e-05	7.28324923623871e-05	128	1	0.402690588550675	0.635518965203625
T215	E1	CRC	0.000153198796317833	0.000167902061336888	128	4	0.363285147595936	0.635518965203625
T216	E1	CRC	0.00011481290861163	0.000116515045161922	128	2	0.32632033980816	0.635518965203625
T227	E1	CRC	0.000155390772421481	0.000185064391180312	128	1	0.402690588550677	0.635518965203625
T231	E1	CRC	6.43309605561809e-05	7.6615682281842e-05	128	1	0.402690588550676	0.635518965203625
T232	E1	CRC	6.53191840156228e-05	7.77926181450327e-05	128	1	0.402690588550677	0.635518965203625
T236	E1	CRC	0.000826284353335957	0.000830480331282284	128	5	0.321668677150831	0.635518965203625
T250	E1	CRC	-0.00145687832493902	0.00156899149010737	128	5	0.354900621715281	0.635518965203625
T262	E1	CRC	0.000112524289418501	0.000134012070277561	128	1	0.402690588550677	0.635518965203625
T268	E1	CRC	0.00116990478181873	0.00122406477015942	128	3	0.341026675045456	0.635518965203625
T271	E1	CRC	0.000248260884900137	0.000295669097990646	128	1	0.402690588550676	0.635518965203625
T275	E1	CRC	0.00134265906899854	0.00140792107565989	128	5	0.342088520935097	0.635518965203625
T276	E1	CRC	4.92808913049148e-05	5.86916327401327e-05	128	1	0.402690588550675	0.635518965203625
T289	E1	CRC	0.000310703772110296	0.0003700361580484	128	1	0.402690588550676	0.635518965203625
T291	E1	CRC	-0.000961325610575826	0.000938953615354539	128	3	0.307878855187997	0.635518965203625
T299	E1	CRC	0.000102199030829908	0.000121715087228309	128	1	0.402690588550678	0.635518965203625
T305	E1	CRC	0.000767562121308098	0.000914136756381259	128	1	0.402690588550676	0.635518965203625
T307	E1	CRC	0.000462522381726823	0.000517482889553955	128	2	0.37313689835794	0.635518965203625
T319	E1	CRC	0.00451434710547029	0.00490286141259082	128	17	0.358936512101654	0.635518965203625
T323	E1	CRC	0.00162089286803674	0.00169392774637227	128	7	0.340458039469133	0.635518965203625
T331	E1	CRC	0.000109557249034794	0.000130478440103378	128	1	0.402690588550675	0.635518965203625
T340	E1	CRC	0.000305394637959258	0.000316116333648935	128	2	0.335853232162374	0.635518965203625
T348	E1	CRC	0.00066097933383293	0.000787200784785152	128	1	0.402690588550684	0.635518965203625
T353	E1	CRC	0.0012239707340712	0.00120915346682466	128	4	0.313356400665711	0.635518965203625
T356	E1	CRC	0.00112696868697757	0.00117785390926458	128	8	0.340501253643865	0.635518965203625
T361	E1	CRC	5.54667123490936e-05	6.60587060074324e-05	128	1	0.402690588550676	0.635518965203625
T369	E1	CRC	0.00012992662540413	0.000154737578389203	128	1	0.402690588550676	0.635518965203625
T389	E1	CRC	0.000471448054660117	0.000561476372433269	128	1	0.402690588550677	0.635518965203625
T392	E1	CRC	0.000335995059236273	0.000400157101404289	128	1	0.402690588550675	0.635518965203625
T393	E1	CRC	0.000117543634232059	0.000139989915535487	128	1	0.402690588550677	0.635518965203625
T395	E1	CRC	0.000678774357829437	0.000808393969107693	128	1	0.402690588550676	0.635518965203625
T398	E1	CRC	0.000155123378580509	0.000175071600544104	128	5	0.377274888123663	0.635518965203625
T400	E1	CRC	7.73978709176387e-05	9.21778663997749e-05	128	1	0.402690588550676	0.635518965203625
T404	E1	CRC	-0.000200797905999619	0.000231189314395298	128	8	0.386748370749459	0.635518965203625
T409	E1	CRC	0.00158907940305422	0.00184332871872226	128	6	0.390286423784077	0.635518965203625
T419	E1	CRC	0.00134246060406517	0.00157298659278961	128	3	0.395031040188588	0.635518965203625
T420	E1	CRC	0.00011234477582925	0.00013379827654589	128	1	0.402690588550676	0.635518965203625
T421	E1	CRC	0.000449974594003358	0.000443648646290573	128	2	0.312402905062935	0.635518965203625
T427	E1	CRC	0.003781331875132	0.00450341980039782	128	1	0.402690588550676	0.635518965203625
T429	E1	CRC	0.000905000446438876	0.00107782047819313	128	1	0.402690588550676	0.635518965203625
T430	E1	CRC	0.000359848687380516	0.000350774239387115	128	2	0.306918416205322	0.635518965203625
T434	E1	CRC	0.000486458694313871	0.000521351098261245	128	2	0.352566798006458	0.635518965203625
T436	E1	CRC	0.00086388709267814	0.000990922618566149	128	6	0.384975248445442	0.635518965203625
T438	E1	CRC	0.00220010006404089	0.00224139764924104	128	2	0.32819023588026	0.635518965203625
T454	E1	CRC	0.000153664413167685	0.000183008364176367	128	1	0.402690588550676	0.635518965203625
T96	E1	CRC	-0.00787986186874066	0.0094602276654281	128	18	0.406451087859989	0.637001342674982
T317	E1	CRC	0.000662150948372174	0.000795144471834662	128	7	0.406565373089792	0.637001342674982
T39	E1	CRC	-0.000962154005591774	0.00117075303606785	128	8	0.412728950312653	0.639729872984612
T176	E1	CRC	-0.00844887697483779	0.0102188121053453	128	93	0.409915470006756	0.639729872984612
T375	E1	CRC	-0.00336609624442874	0.00409484101318948	128	9	0.412610704649248	0.639729872984612
T119	E1	CRC	-0.00507826852658544	0.00631650013774677	128	57	0.42292925598245	0.653207462976453
T385	E1	CRC	0.000717278782475985	0.000899212402827037	128	10	0.426560141669017	0.656479083277849
T77	E1	CRC	0.0012304184085259	0.00155778081901622	128	18	0.431097349533691	0.661117490097604
T51	E1	CRC	-0.00106382271335748	0.00135179285303454	128	67	0.432776180475389	0.661355149036334
T341	E1	CRC	-0.000771157294457757	0.000990221483027002	128	21	0.437573836986822	0.666340509657126
T225	E1	CRC	-0.000555282966799687	0.000717696492385638	128	16	0.440556445924998	0.668536704655417
T113	E1	CRC	-0.010755413024118	0.0140987927344703	128	95	0.446972418855461	0.671358864642858
T127	E1	CRC	0.00378429378351388	0.00496158741549302	128	89	0.447056939819783	0.671358864642858
T367	E1	CRC	-0.000140997748857361	0.000184516140132063	128	3	0.446207335387665	0.671358864642858
T350	E1	CRC	0.00130314832368652	0.00172994002370913	128	4	0.452680283896737	0.676136153045795
T362	E1	CRC	0.000528689051436192	0.000702888649343613	128	4	0.453353964369416	0.676136153045795
T102	E1	CRC	0.00505120806770129	0.00678748558032585	128	28	0.458144572020138	0.680203251250241
T201	E1	CRC	0.0022311204929119	0.0030052055336056	128	15	0.45921555902378	0.680203251250241
T100	E1	CRC	0.000701117542822387	0.000949723590204173	128	3	0.461745498679472	0.681624307574458
T31	E1	CRC	0.0094056883605933	0.0128703179979015	128	126	0.466255248027185	0.685191790079067
T52	E1	CRC	-0.00646576474200478	0.00891492626791297	128	103	0.46962876895864	0.685191790079067
T57	E1	CRC	0.00217765071853878	0.0030186598428204	128	74	0.472002080002237	0.685191790079067
T157	E1	CRC	0.00887977521377347	0.012354724975306	128	83	0.473634877934839	0.685191790079067
T177	E1	CRC	0.000944019096556581	0.0012948494665899	128	49	0.467319786544118	0.685191790079067
T358	E1	CRC	-0.00238763845533046	0.00331911056015867	128	19	0.473250673712739	0.685191790079067
T41	E1	CRC	-0.00472456018116343	0.00664870106351824	128	87	0.478646016033214	0.690140767303704
T47	E1	CRC	-0.000196265157290161	0.000279252457702861	128	2	0.483462327861946	0.694776987722134
T359	E1	CRC	-7.29534755564166e-05	0.000104936944984282	128	3	0.488202280985088	0.699273234150259
T35	E1	CRC	-0.0167998631109107	0.0243493102886554	128	98	0.49149300979914	0.701670941621141
T267	E1	CRC	0.000239769790093333	0.000359450388961328	128	5	0.505962756100605	0.719960118516927
T72	E1	CRC	-0.000288257184009094	0.000439895280335203	128	11	0.513478289910039	0.728266594186133
T89	E1	CRC	0.00321545667111625	0.00494054631725491	128	72	0.516341217160183	0.729941655529379
T3	E1	CRC	-0.0106190282821896	0.0166547523117812	128	85	0.524892676681871	0.739621498960818
T220	E1	CRC	0.00113634543522464	0.00180691575568164	128	12	0.530561647795576	0.742168870034318
T277	E1	CRC	0.0053182392480696	0.00845853743969337	128	54	0.530656021962657	0.742168870034318
T468	E1	CRC	-9.11105889882426e-05	0.000145325062636539	128	3	0.531830687973901	0.742168870034318
T140	E1	CRC	0.000258193575606475	0.000420440680729178	128	29	0.54025496369422	0.750184491146877
T439	E1	CRC	0.000219499480060856	0.000358118901903294	128	4	0.541031672186572	0.750184491146877
T55	E1	CRC	0.00105472929961638	0.00173445575786845	128	78	0.544213146578005	0.752192693040937
T109	E1	CRC	0.00751165343826337	0.0127427849833116	128	117	0.556592916920758	0.761340803252827
T257	E1	CRC	0.000453303078281352	0.000763523179460734	128	32	0.553777674592088	0.761340803252827
T325	E1	CRC	-0.000555759170258747	0.000945803406891544	128	10	0.5578487913235	0.761340803252827
T462	E1	CRC	-0.00116408004763519	0.00197484919296321	128	2	0.556613133446801	0.761340803252827
T46	E1	CRC	-0.00277486857420515	0.00478482631174592	128	106	0.562996809712747	0.763564423172913
T298	E1	CRC	-0.000118008692346856	0.000202644989913007	128	2	0.561376937270252	0.763564423172913
T308	E1	CRC	0.00020561158448765	0.000359324413998733	128	4	0.568194430194518	0.768213030231841
T67	E1	CRC	0.00202057323359185	0.00357523264532291	128	11	0.572970853221529	0.769874149529856
T365	E1	CRC	-0.000147248406268032	0.000260019222125195	128	2	0.572198386318774	0.769874149529856
T147	E1	CRC	0.000693506109668825	0.00123818002941516	128	58	0.576404875731801	0.772097889097536
T104	E1	CRC	-0.00295831098471243	0.00536161081945588	128	33	0.582091512369596	0.776364445956432
T244	E1	CRC	0.0012458761923312	0.00227528676607523	128	13	0.584956621722934	0.776364445956432
T378	E1	CRC	0.00167441624119097	0.00305722386694284	128	19	0.584872490054172	0.776364445956432
T272	E1	CRC	-7.22143647974973e-05	0.000133774596314964	128	2	0.590273104659484	0.781032095799439
T432	E1	CRC	-0.000701751502519443	0.00131067462314711	128	2	0.593308444682587	0.782662203623838
T326	E1	CRC	0.0010175692438449	0.00191254624864633	128	19	0.595628620470622	0.783341882679545
T99	E1	CRC	-0.000339501881964866	0.000648040980767193	128	19	0.601275678313343	0.786004952975877
T246	E1	CRC	0.00625476699629136	0.0119067904369004	128	62	0.600290254216725	0.786004952975877
T207	E1	CRC	0.00150894756178397	0.00291436432193211	128	87	0.605532101988592	0.786829138512122
T444	E1	CRC	0.000130002383817484	0.00025038192480132	128	3	0.604520715576322	0.786829138512122
T128	E1	CRC	-0.000638244383860213	0.00126714635232548	128	27	0.61536126417057	0.797214294477694
T62	E1	CRC	0.000158273725310379	0.00031650622661497	128	3	0.617901452254207	0.798122709161684
T168	E1	CRC	-0.00127792758405945	0.00257369329996402	128	59	0.620382491667606	0.798949559002199
T293	E1	CRC	0.00272143428627026	0.00558337874089965	128	13	0.626809734787515	0.802464380229444
T370	E1	CRC	0.000155733222706861	0.000318780974990872	128	5	0.626025532810865	0.802464380229444
T154	E1	CRC	0.000500408908754448	0.0010346439364602	128	48	0.629471444673128	0.803501785259228
T64	E1	CRC	0.00215754089583726	0.00478087044316845	128	105	0.652559041206084	0.819697321168458
T80	E1	CRC	0.000522662782273926	0.00116630670368299	128	69	0.654825433614581	0.819697321168458
T87	E1	CRC	-0.000736420876339162	0.001613103513051	128	53	0.6487990218302	0.819697321168458
T245	E1	CRC	0.00385729317304903	0.00862226280026616	128	44	0.655380116233767	0.819697321168458
T249	E1	CRC	-0.00394455399324163	0.00862669909172407	128	48	0.648279116809787	0.819697321168458
T254	E1	CRC	0.000442144183255706	0.000982766673137927	128	12	0.65355746437776	0.819697321168458
T443	E1	CRC	0.000271325781278035	0.00060181025205052	128	40	0.652873012300838	0.819697321168458
T329	E1	CRC	-7.10334156031429e-05	0.000161717881339245	128	2	0.661237972754167	0.824647356825599
T129	E1	CRC	0.00242958721187449	0.00562170592011888	128	83	0.666349524758885	0.827658262029869
T380	E1	CRC	-7.55848956777512e-05	0.000175517837651289	128	3	0.667466340346669	0.827658262029869
T256	E1	CRC	0.00021023461950107	0.000494661768628259	128	19	0.671556634173987	0.830357775588349
T42	E1	CRC	-5.21522255688274e-05	0.000128476356113098	128	2	0.685483605177988	0.838108134726593
T229	E1	CRC	0.0124932026780356	0.0310850986607419	128	94	0.688436128288948	0.838108134726593
T265	E1	CRC	0.000218561148035003	0.000549221683778464	128	5	0.69134265491272	0.838108134726593
T303	E1	CRC	-0.000133941859071571	0.000334884342871295	128	5	0.689859886487564	0.838108134726593
T408	E1	CRC	0.000118243224764039	0.00028774614583228	128	5	0.681822653218219	0.838108134726593
T433	E1	CRC	0.00125042652296435	0.00304821685024026	128	16	0.682344368839066	0.838108134726593
T469	E1	CRC	-5.98548276372094e-05	0.000147573398942041	128	2	0.685729121330789	0.838108134726593
T24	E1	CRC	0.0022854062864049	0.00588560039197743	128	90	0.698445863295999	0.841175939686457
T324	E1	CRC	0.000177342780681829	0.000456177800466978	128	9	0.698111307152638	0.841175939686457
T381	E1	CRC	7.44212583044363e-05	0.000192490739657774	128	6	0.699687820799104	0.841175939686457
T20	E1	CRC	-0.0034100579864527	0.00897307845224791	128	65	0.704561409601606	0.843539399198087
T357	E1	CRC	0.00154886670933776	0.00408985514232397	128	24	0.705541018223284	0.843539399198087
T10	E1	CRC	-0.00216929514691511	0.00610153807223484	128	115	0.722785196945256	0.847095192284511
T59	E1	CRC	-0.00647556697019518	0.0175501098103609	128	99	0.712765001430274	0.847095192284511
T69	E1	CRC	0.000407024700149942	0.00113951928822156	128	9	0.721547246134915	0.847095192284511
T76	E1	CRC	0.00295734896835344	0.00838653727849911	128	19	0.724954637693393	0.847095192284511
T234	E1	CRC	0.000258878517259915	0.000706328551439732	128	16	0.714597128365183	0.847095192284511
T251	E1	CRC	0.000254906817369432	0.000725973359915024	128	32	0.726081593386723	0.847095192284511
T322	E1	CRC	0.000765224057220195	0.00210419258182386	128	5	0.716716639717135	0.847095192284511
T335	E1	CRC	-0.000954061402625461	0.0027088598666762	128	8	0.725276404586533	0.847095192284511
T416	E1	CRC	-7.27055566584829e-05	0.000204637993495371	128	5	0.72296741202112	0.847095192284511
T295	E1	CRC	0.00211709038364574	0.00621108348008525	128	75	0.733779036878208	0.851492598810693
T344	E1	CRC	-0.000540267917961753	0.00159269611155417	128	35	0.735011766156581	0.851492598810693
T456	E1	CRC	-7.16515855209873e-05	0.000211829375891034	128	2	0.73573669252076	0.851492598810693
T376	E1	CRC	-0.000152311223213348	0.0004555145594379	128	5	0.738654939601523	0.852596393050694
T238	E1	CRC	0.000138389858358013	0.000429466006573759	128	7	0.74780715553305	0.860870836873591
T66	E1	CRC	0.000970847381878753	0.00312269696481091	128	101	0.756390167713751	0.866156550891209
T106	E1	CRC	-4.2224021671307e-05	0.00013468516928407	128	2	0.754417958840598	0.866156550891209
T391	E1	CRC	8.46454099315349e-05	0.000278480343222614	128	9	0.761663781007595	0.869900213045517
T297	E1	CRC	0.00145619605616039	0.00487150696682711	128	16	0.765492727915129	0.871978592953192
T202	E1	CRC	0.00108029653082145	0.00371217150674518	128	86	0.771518559221818	0.876542028016411
T133	E1	CRC	0.000123138787767376	0.000442691455914968	128	22	0.781345942058533	0.883083694930738
T304	E1	CRC	-0.000105659541036083	0.000376916572971145	128	14	0.779687080389516	0.883083694930738
T180	E1	CRC	0.000328252912243553	0.00128285026111454	128	64	0.798462455070022	0.900084949351661
T352	E1	CRC	-0.000106218435127418	0.000419837216481262	128	4	0.80068121837261	0.900247794750552
T107	E1	CRC	-0.0035237727223939	0.0142516305679148	128	52	0.805114085629394	0.902892798871207
T50	E1	CRC	-0.00140192517466276	0.00587939135147385	128	118	0.81192152429324	0.905845608080376
T474	E1	CRC	0.000170894814305341	0.000712322550850541	128	5	0.810788248010431	0.905845608080376
T145	E1	CRC	0.00498323194995617	0.0214819608971208	128	92	0.816935424728629	0.906777427959655
T345	E1	CRC	0.000443761234111194	0.00189986050312708	128	10	0.815693459503347	0.906777427959655
T401	E1	CRC	-0.000781461555883871	0.00342519949605531	128	14	0.819898950502705	0.907745266627995
T263	E1	CRC	-6.90361535561831e-05	0.000321868020575186	128	4	0.830514896317837	0.917158944025296
T18	E1	CRC	0.00356343248083206	0.0179321672496963	128	124	0.842804152731501	0.928368026105258
T382	E1	CRC	-5.15975862499716e-05	0.000274349639083952	128	2	0.851122476285987	0.935157353691438
T425	E1	CRC	5.49717506436531e-05	0.00029688823277557	128	7	0.853401457042069	0.935293516051157
T14	E1	CRC	0.0023634377409492	0.0131181176501125	128	105	0.857311754101443	0.935685563579845
T58	E1	CRC	-0.000194169241658748	0.00110044722530904	128	94	0.860227050387922	0.935685563579845
T208	E1	CRC	-0.000307389561116616	0.00173379316965841	128	19	0.859562862209882	0.935685563579845
T214	E1	CRC	0.000166037066113707	0.000983273087702026	128	58	0.866176283698171	0.938324555335438
T387	E1	CRC	7.31020540976535e-05	0.00043554292684674	128	7	0.86697729651961	0.938324555335438
T218	E1	CRC	0.000168413885157347	0.00111769986825763	128	15	0.880469906257761	0.946370588653941
T269	E1	CRC	-0.000362695353208092	0.00235710050755364	128	27	0.877955642887969	0.946370588653941
T377	E1	CRC	0.00030584653801222	0.00203809339131715	128	31	0.880953266857585	0.946370588653941
T203	E1	CRC	7.65659665749021e-05	0.000536363153725169	128	8	0.88671546485822	0.95020867098387
T459	E1	CRC	0.000679524805445385	0.00494466800391617	128	14	0.890913625093579	0.95235594406555
T221	E1	CRC	-0.000178493417467192	0.00142376415282191	128	16	0.900432610868643	0.957813120384782
T330	E1	CRC	0.00153921010680571	0.0120787504666497	128	20	0.89880224371546	0.957813120384782
T53	E1	CRC	-0.000710439050264624	0.00586147849181981	128	121	0.903721938020774	0.958961665283657
T105	E1	CRC	0.000397573824040955	0.0035275160919642	128	11	0.910442652813764	0.959058522624208
T117	E1	CRC	0.000935285642179871	0.00827782007019038	128	98	0.910220720443727	0.959058522624208
T126	E1	CRC	-6.38273479429243e-05	0.000547785411039693	128	8	0.907426829451279	0.959058522624208
T122	E1	CRC	-0.00105520163351828	0.0100039927918703	128	57	0.916164222281564	0.960423363454586
T219	E1	CRC	-0.000123799331904855	0.00117311648919733	128	2	0.916122848848423	0.960423363454586
T248	E1	CRC	0.000489479435331709	0.00492338562193212	128	29	0.920963382000869	0.963127970574403
T332	E1	CRC	-5.05022152334714e-05	0.000544504298814347	128	7	0.926250298973107	0.964841144582298
T383	E1	CRC	0.000304575762012233	0.00331987539012115	128	22	0.927047827859028	0.964841144582298
T179	E1	CRC	-0.00117236187289803	0.0143246601139903	128	85	0.934902053839226	0.967221176850868
T195	E1	CRC	0.000658729888902394	0.00769910065761422	128	55	0.931952535861902	0.967221176850868
T423	E1	CRC	7.12417250977767e-05	0.000885727519197949	128	11	0.936020493726647	0.967221176850868
T29	E1	CRC	-0.000306430237809764	0.00425187711039736	128	19	0.942660950626156	0.971769246013662
T394	E1	CRC	-1.01576028611506e-05	0.00016009673326372	128	2	0.949511376596811	0.976511700101934
T5	E1	CRC	0.000870249742106944	0.016136286529763	128	101	0.957075373628158	0.979647906025048
T449	E1	CRC	-0.00025767041798613	0.00462557135702551	128	26	0.95566454119808	0.979647906025048
T28	E1	CRC	0.000699512207924665	0.0216188003708117	128	124	0.974238822784694	0.990209951027066
T37	E1	CRC	-0.00012846873642596	0.00363468197685165	128	13	0.971860377037327	0.990209951027066
T476	E1	CRC	2.88232435356675e-05	0.000828082379433501	128	2	0.972288546863261	0.990209951027066
T121	E1	CRC	-6.46262489538625e-06	0.000840367181694717	128	7	0.993876299725748	0.996171626053059
T130	E1	CRC	-6.53821310875477e-06	0.000791440716821687	128	76	0.99342169389094	0.996171626053059
T228	E1	CRC	2.4370349187195e-05	0.00304064719441045	128	23	0.993617814711605	0.996171626053059
T282	E1	CRC	6.97739475645876e-05	0.00458083084985297	128	46	0.98787140517282	0.996171626053059
T328	E1	CRC	4.39936065898076e-05	0.00245390455062749	128	56	0.985724647955425	0.996171626053059
T351	E1	CRC	-4.71873931434682e-05	0.00307608824959558	128	30	0.987785142574947	0.996171626053059
T338	E1	CRC	9.18741078470189e-07	0.000595489876754944	128	5	0.998771438353255	0.998771438353255
